Career,Total Timeline (Years),Education Cost Range (USD),Entry-Level Salary (USD),Mid-Career Salary 5+ Years (USD),Advanced Role Salary (USD),Primary Education,Key Notes
Teacher,6-8,"30000-80000","42000-48000","54000-62000","65000-78000","Bachelor's Degree","State variation high; includes summer flexibility"
Software Developer,4-6,"10000-60000","65000-85000","95000-130000","140000-200000","Bachelor's or Bootcamp","High growth; bootcamps 3-6 months"
Electrician,5,"1000-3000","35000-45000","52000-65000","70000-90000","Apprenticeship 5000 hours","Paid apprenticeship; strong demand"
Nurse (RN),4,"30000-100000","58000-68000","72000-88000","95000-115000","Bachelor's (BSN)","NCLEX required; sign-on bonuses common"
Lawyer (Attorney),7,"80000-200000","65000-85000","100000-180000","180000-400000+","Juris Doctor (JD)","Bar exam required; varies by specialization"
Plumber,5,"500-2000","35000-45000","55000-70000","80000-120000","Apprenticeship 5000 hours","Paid on-job training; strong union presence"
HVAC Technician,4-5,"500-2500","35000-45000","50000-65000","70000-95000","Apprenticeship/Certificate","High demand; training ~5000 hours"
Web Developer,4-6,"10000-60000","58000-75000","85000-120000","130000-180000","Bachelor's or Bootcamp","Portfolio-driven field; bootcamps viable"
Data Scientist,6,"40000-80000","85000-110000","120000-165000","165000-250000+","Master's preferred","Advanced degree typical; PhD common"
Graphic Designer,4,"20000-50000","42000-52000","56000-75000","75000-105000","Bachelor's or Certificate","Portfolio critical; design school ~2-4 years"
Accountant,4,"40000-80000","52000-62000","68000-90000","95000-135000","Bachelor's in Accounting","CPA exam enhances salary significantly"
Project Manager,4-8,"20000-80000","62000-78000","85000-115000","115000-160000","Bachelor's + Certifications","MBA or PMP cert adds value"
Marketing Manager,4-8,"40000-80000","58000-75000","80000-115000","120000-180000","Bachelor's in Marketing/Business","MBA enhances career growth"
Sales Executive,2-4,"5000-20000","45000-65000","75000-130000","130000-250000+","High School/Some College","Commission-heavy; highly variable"
Real Estate Agent,1-2,"500-3000","30000-60000","70000-120000","150000-300000+","License only","Highly dependent on market and hustle"
Entrepreneur,0-4,"10000-500000+","20000-80000","100000-500000+","500000-Unlimited","Varies","Startup costs vary widely; risk factor"
Carpenter,4-5,"500-2000","36000-46000","52000-68000","75000-110000","Apprenticeship 8000 hours","Strong union trades; project-based pay"
Mechanic,3-4,"500-2000","36000-46000","50000-65000","70000-100000","Apprenticeship + Certification","Diagnostic skills command higher pay"
Dentist,10-12,"150000-300000","155000-180000","200000-280000","250000-400000+","Doctor of Dental Medicine (DMD)","High education cost; strong income"
Veterinarian,8-10,"120000-250000","92000-110000","130000-170000","160000-250000","Doctor of Veterinary Medicine (DVM)","Similar to dentistry; pet care boom"
Pharmacist,8-10,"100000-200000","130000-150000","155000-190000","190000-280000","Doctor of Pharmacy (PharmD)","Loan burden high; stable high income"
Physical Therapist,7-8,"80000-180000","90000-110000","120000-155000","160000-220000","Doctor of PT (DPT)","Growing demand; aging population"
Occupational Therapist,6-7,"60000-140000","72000-88000","95000-125000","140000-190000","Master's in OT","Less education than PT; good income"
Registered Nurse (Specialization),5-6,"40000-120000","62000-75000","80000-105000","120000-160000","Master's for specialty","Specializations: ICU, ER, oncology etc."
Police Officer,4-6,"10000-30000","48000-58000","60000-80000","85000-120000","High School + Training","Pension systems; benefits valuable"
Firefighter,4-6,"5000-20000","45000-55000","55000-75000","80000-110000","High School + Training","Physical demands high; pension benefits"
Truck Driver,1-2,"2000-8000","40000-55000","50000-70000","70000-100000","Commercial License (CDL)","Training 3-6 weeks; shortage of drivers"
Pilot,4-8,"100000-250000","80000-100000","130000-200000","200000-300000+","Commercial Pilot License","Flight hours expensive; ~2000 hours needed"
Chef/Cook,1-4,"5000-30000","32000-42000","48000-70000","75000-120000","Culinary School or on-job","Ranges from line cook to executive chef"
Restaurant Manager,2-4,"20000-50000","42000-56000","58000-80000","85000-130000","High School + Management Cert","Often promoted from within kitchens"
Hotel Manager,4,"40000-80000","48000-62000","65000-95000","100000-160000","Bachelor's in Hospitality","Experience in housekeeping or front desk"
Event Planner,2-4,"10000-40000","40000-52000","55000-80000","85000-140000","Bachelor's or Certificate","Portfolio-driven; creative skills valued"
Photographer,1-4,"2000-20000","32000-48000","50000-75000","80000-150000+","Certificate or self-taught","Highly portfolio-dependent; passive income options"
Videographer,1-4,"3000-25000","35000-50000","55000-85000","90000-160000","Certificate/Degree","Growing demand for video content"
Animator,4,"30000-70000","48000-62000","68000-95000","100000-180000","Bachelor's in Animation","Tech skills and portfolio critical"
Video Game Developer,4-6,"20000-60000","65000-90000","95000-140000","150000-220000","Bachelor's in CS or Game Dev","Crunch culture; remote opportunities growing"
Musician,2-8,"5000-60000","25000-50000","45000-85000","100000-300000+","Music Degree or self-taught","Highly variable; streaming economics changing"
Fashion Designer,4,"30000-70000","40000-56000","60000-90000","100000-200000+","Bachelor's in Fashion Design","Internships critical; portfolio-driven"
Interior Designer,4,"30000-70000","45000-58000","62000-90000","100000-180000","Bachelor's in Interior Design","NCIDQ certification enhances credibility"
Architect,7-8,"80000-150000","60000-75000","90000-130000","140000-250000+","Bachelor's in Architecture + Licensure","Licensing requires 3+ year apprenticeship"
Civil Engineer,4,"30000-70000","65000-80000","95000-130000","140000-200000","Bachelor's in Civil Engineering","PE license increases earning potential"
Mechanical Engineer,4,"30000-70000","68000-85000","98000-140000","150000-220000","Bachelor's in Mechanical Engineering","PE license valuable; multiple industries"
Electrical Engineer,4,"30000-70000","70000-88000","105000-150000","160000-240000","Bachelor's in Electrical Engineering","High demand in power and tech sectors"
Chemical Engineer,4,"30000-70000","72000-90000","108000-155000","165000-250000","Bachelor's in Chemical Engineering","Highest starting salary among engineers"
Software Engineer,4-6,"10000-60000","90000-120000","130000-180000","200000-350000+","Bachelor's in CS/Software Engineering","Tech industry variation high; FAANG pays top"
Systems Administrator,2-4,"5000-20000","62000-78000","85000-120000","130000-180000","Bachelor's or Certifications","CompTIA, Cisco certs valuable"
Network Administrator,2-4,"5000-20000","60000-75000","80000-115000","125000-175000","Bachelor's or Certifications","Cisco, CompTIA certs enhance earnings"
Database Administrator,2-4,"5000-20000","70000-88000","95000-130000","145000-195000","Bachelor's or Certifications","High-paying IT specialty; data-driven"
Cybersecurity Analyst,4-6,"10000-50000","75000-95000","110000-160000","170000-250000+","Bachelor's in Cybersecurity/CS","Growing demand; diverse specializations"
DevOps Engineer,4-6,"10000-50000","95000-125000","140000-190000","210000-300000+","Bachelor's in CS + Experience","High demand in cloud computing era"
Mobile Developer,4-6,"10000-60000","75000-100000","115000-160000","170000-280000","Bachelor's or Bootcamp","iOS vs Android both strong demand"
AI/ML Engineer,6,"40000-80000","110000-160000","170000-250000","280000-400000+","Master's preferred; PhD common","Cutting edge; premium salaries offered"
Product Manager,4-8,"40000-80000","95000-130000","140000-200000","200000-350000+","Bachelor's + MBA valuable","Transition from engineering or business"
Business Analyst,4,"30000-70000","70000-90000","95000-135000","145000-200000","Bachelor's in Business/Analytics","Certifications (CCBA) helpful"
Financial Advisor,4,"20000-50000","62000-82000","95000-150000","180000-350000+","Bachelor's + CFP Certification","Commission-based income varies widely"
Investment Banker,4-6,"40000-80000","90000-130000","150000-300000","300000-800000+","Bachelor's + MBA typical","High-stress; highest-paid finance roles"
Stockbroker,2-4,"5000-20000","68000-95000","120000-200000","250000-500000+","Bachelor's + Series 7 License","Commission-heavy; highly variable income"
Public Accountant (CPA),5-7,"40000-80000","58000-72000","80000-110000","130000-200000","Bachelor's + CPA Exam","CPA license critical for advancement"
Management Consultant,4-8,"40000-80000","80000-110000","130000-200000","250000-400000+","Bachelor's + MBA typical","McKinsey/BCG/Bain top tier pay"
HR Manager,4-6,"30000-70000","62000-78000","85000-120000","125000-180000","Bachelor's in HR/Business","SHRM-CP certification valuable"
Recruiter,1-2,"2000-10000","48000-65000","75000-120000","130000-250000+","Bachelor's preferred; sales skills","Commission-heavy; highly variable income"
Landscaper,1-2,"1000-5000","30000-40000","40000-60000","70000-120000","On-the-job training","Seasonal variation; business ownership path"
Gardener,1-2,"500-2000","28000-36000","36000-50000","55000-85000","On-the-job training","Less business focus than landscaping"
Construction Manager,4-8,"30000-80000","68000-85000","95000-135000","150000-220000","Bachelor's in Construction + Experience","Experience critical; PMP cert valuable"
Contractor,1-10,"5000-50000","50000-100000","100000-250000+","200000-500000+","Trade training + business license","Income highly dependent on business success"
Inspector (Building/Safety),3-5,"5000-20000","52000-68000","72000-95000","105000-150000","High School + Certification","Building codes knowledge essential"
Electrician (Solar),5,"1500-3500","40000-50000","58000-75000","85000-130000","Electrician License + Solar Cert","Growing field; premium for specialization"
Plumber (Master),8-10,"1000-3000","45000-60000","65000-90000","100000-180000","Apprenticeship + License + Experience","Master license commands highest wages"
HVAC Specialist,5-7,"1000-3000","40000-55000","58000-80000","90000-140000","Apprenticeship + EPA Certification","Certification requirements; strong demand"
Paramedic,3-4,"10000-30000","40000-55000","52000-70000","75000-110000","Associate's + EMT-Paramedic License","Overtime heavy; shift work typical"
EMT,1-2,"2000-8000","32000-42000","42000-58000","60000-90000","EMT Certification (120-150 hours)","Entry-level emergency medical role"
Biologist,5-6,"50000-100000","48000-62000","68000-95000","110000-180000","Bachelor's (Master's common)","PhD needed for research positions"
Chemist,5-6,"50000-100000","50000-65000","70000-100000","120000-190000","Bachelor's (Master's common)","Lab work; pharmaceutical demand high"
Physicist,6-8,"50000-100000","68000-85000","95000-130000","150000-250000","Master's or PhD required","Research-focused; limited industry roles"
Geologist,5-6,"50000-100000","52000-68000","72000-105000","125000-190000","Bachelor's (Master's common)","Oil/gas and environmental demand"
Meteorologist,5-6,"50000-100000","58000-75000","80000-115000","130000-200000","Bachelor's in Meteorology","Government jobs stable; weather service"
Astronomer,7-10,"60000-120000","70000-90000","95000-140000","160000-280000","PhD typically required","Research-focused; limited positions"
Psychologist,7-10,"60000-120000","72000-90000","105000-145000","160000-250000","Master's or PhD required","Clinical vs research; varies significantly"
Sociologist,6-8,"50000-100000","48000-62000","68000-100000","120000-180000","Master's or PhD common","Academia or research-focused"
Social Worker,5-6,"40000-80000","42000-55000","58000-78000","85000-130000","Bachelor's (Master's common)","Emotional labor; salary lower than peers"
Counselor,6-7,"40000-80000","48000-62000","65000-85000","100000-140000","Master's in Counseling required","License (LPC) critical for practice"
